INSERT INTO users (id, name, email, role, password, active, plan) VALUES
(1, 'picasso', 'picasso@example.com', 'ROLE_USER', '{bcrypt}$2y$10$OSN6RcjBoh1/AkQbtOkh8elkaSs.GueaU9l5tzPHl9eecv2jheRri', true, 'ARTIST'),
(2, 'remby', 'remby@example.com', 'ROLE_USER', '{bcrypt}$2y$10$DXZDfdbiTgfozb8pKEsyQu/22BoPYXX0hGD55B3/ldljBybqs3kYS', true, 'ARTIST'),
(3, 'munch', 'munch@example.com', 'ROLE_USER', '{bcrypt}$2y$10$3va09Cg7BXDqIa9uTxoPreqCE4nR6ZKXn8BUaSBpnR8GvDS9Y9iEO', true, 'ARTIST'),
(4, 'da.vinci', 'da.vinci@example.com', 'ROLE_USER', '{bcrypt}$2y$10$pDf6M4aQbgwLNRYAGppuKOA8eHPIiZWOZOD9eL0SPHF.3QFdJzn1S', true, 'ARTIST'),
(5, 'van.gogh', 'van.gogh@example.com', 'ROLE_USER', '{bcrypt}$2y$10$d7n7Im5OXW1XfAXwMM6.Ru9P7bL1aRx.g1vjpgHEp2EpAvmJCkhNq', true, 'ARTIST'),
(6, 'bosch', 'bosch@example.com', 'ROLE_USER', '{bcrypt}$2y$10$.I4U7lkafnZJDoQGKaEb6OO2MoQ0aiuh3fTv60faEw3zAlVBqW3Fm', true, 'ARTIST'),
(7, 'seurat', 'seurat@example.com', 'ROLE_USER', '{bcrypt}$2y$10$naMlMbjSMsqtmCE3YS4Ale5g5ypXom8MY3iW1V4UIpVCOkBJ32sWS', true, 'ARTIST'),
(8, 'botticeli', 'botticeli@example.it', 'ROLE_USER', '{bcrypt}$2y$10$hbBxZnk.MDA51xdpqCzRWO68QIP1BnYCPktiXPiSaHY8INUqDGxm.', true, 'ARTIST'),
(9, 'verm33r', 'verm33r@example.com', 'ROLE_USER', '{bcrypt}$2y$10$eVKa2Gq8P3B.F/yRdeuf0efsk4EJtLFharvQJKYwT03OKsb2vg4Nm', true, 'ARTIST'),
(10, 'admin', 'admin@example.com', 'ROLE_ADMIN', '{bcrypt}$2y$10$1h7VDDIWWTk7jnnF19.UC.iHcfv2h0FfTbwKq/aJlpVRIgJ6nZ5Ou', true, 'BUYER');

INSERT INTO photo (id, path, thumbnail, title, description, size, digital_price, painting_price, uploaded, user_id) VALUES
(1, 'demo_afa34a6e-2c9f-44c0-823b-44b9d0b27751.jpg', 'th_demo_afa34a6e-2c9f-44c0-823b-44b9d0b27751.jpg', 'A Sunday Afternoon on Le Grande Jatte', 'I''ve sat in the park, creating numerous sketches of the various figures in order to perfect their form. I''ve concentrated on issues of colour, light, and form. The painting is approximately 2 by 3 metres in size.I''ve contrasted miniature dots or small brushstrokes of colors that when unified optically in the human eye are perceived as a single shade or hue. I believed that this form of painting would make the colors more brilliant and powerful than standard brushstrokes.', 2724, 120.55, 35740, '2020-01-01 15:21:12.41', 7),
(2, 'demo_8547faea-b736-4fef-81fe-24024b00b085.jpg', 'th_demo_8547faea-b736-4fef-81fe-24024b00b085.jpg', 'The Birth of Venus', 'In the center the newly-born goddess Venus stands nude in a giant scallop shell. The size of the shell is purely imaginary, and is also found in classical depictions of the subject. At the left the wind god Zephyr blows at her, with the wind shown by lines radiating from his mouth. He is in the air, and carries a young female, who is also blowing, but less forcefully. Both have wings. Their joint efforts are blowing Venus towards the shore.', 699, 853.77, 80799, '2020-05-13 12:37:24.12', 8),
(3, 'demo_d37d306d-13cc-4fba-ad0f-31567b586529.jpg', 'th_demo_d37d306d-13cc-4fba-ad0f-31567b586529.jpg', 'Guernica', 'The scene occurs within a room where, on the left, a wide-eyed bull stands over a grieving woman holding a dead child in her arms. A horse falls in agony in the center of the room, with a large gaping hole in its side, as if it had just been run through by a spear or javelin. The horse appears to be wearing chain mail armor, decorated with vertical tally marks arranged in rows. A dead and dismembered soldier lies under the horse.', 297, 1470.30, 105000, '2020-04-17 16:56:33.07', 1),
(4, 'demo_29014dff-836e-4213-9388-faa8cad1aeab.jpg', 'th_demo_29014dff-836e-4213-9388-faa8cad1aeab.jpg', 'The Starry Night', 'I''ve depicted the view at different times of the day and under various weather conditions, such as the sunrise, moon rise, sunshine days, windy days, and one day with rain. It''s the view from the east-facing window of asylum room at Saint-Remy-de-Provence, just before sunrise, with the addition of an imaginary village. The pigment of the sky is painted with ultramarine and cobalt blue, and for the stars and the moon, I''ve employed the rare pigment Indian yellow together with zinc yellow.', 1843, 503.00, 50202, '2020-02-10 13:17:56.56', 5),
(5, 'demo_833680bf-ff24-485d-8c73-a17aa43b86af.jpg', 'th_demo_833680bf-ff24-485d-8c73-a17aa43b86af.jpg', 'Horses', 'Lorem ipsum dolor sit amet, consectetur adipiscing elit, sed do eiusmod tempor incididunt ut labore et dolore magna aliqua. Ut enim ad minim veniam, quis nostrud exercitation ullamco laboris nisi ut aliquip ex ea commodo consequat. Duis aute irure dolor in reprehenderit in voluptate velit esse cillum dolore eu fugiat nulla pariatur. Excepteur sint occaecat cupidatat non proident, sunt in culpa qui officia deserunt mollit anim id est laborum.', 724, 245, 20078, '2019-03-05 07:22:46.13', 3),
(6, 'demo_940a28a9-df41-4aca-808c-007d20e646af.jpg', 'th_demo_940a28a9-df41-4aca-808c-007d20e646af.jpg', 'Horses', 'Lorem ipsum dolor sit amet, consectetur adipiscing elit, sed do eiusmod tempor incididunt ut labore et dolore magna aliqua. Ut enim ad minim veniam, quis nostrud exercitation ullamco laboris nisi ut aliquip ex ea commodo consequat. Duis aute irure dolor in reprehenderit in voluptate velit esse cillum dolore eu fugiat nulla pariatur. Excepteur sint occaecat cupidatat non proident, sunt in culpa qui officia deserunt mollit anim id est laborum.', 336, 210, 21303, '2019-12-23 06:12:37.22', 1),
(7, 'demo_27e4ce7b-a193-40c6-8b41-cbbca55b7d4b.jpg', 'th_demo_27e4ce7b-a193-40c6-8b41-cbbca55b7d4b.jpg', 'The Scream', 'I was walking along the road with two friends – the sun was setting – suddenly the sky turned blood red – I paused, feeling exhausted, and leaned on the fence – there was blood and tongues of fire above the blue-black fjord and the city – my friends walked on, and I stood there trembling with anxiety – and I sensed an infinite scream passing through nature. I painted this picture, painted the clouds as actual blood. The color shrieked. This became The Scream.', 1341, 730, 77302.55, '2020-02-22 21:02:22.41', 3),
(8, 'demo_56d923c2-fe21-446b-a9f7-d5d1c3994413.jpg', 'th_demo_56d923c2-fe21-446b-a9f7-d5d1c3994413.jpg', 'Mona Lisa', 'Portrait of  Francesco del Giocondo wife. The woman sits markedly upright in a pozzetto armchair with her arms folded, a sign of her reserved posture. Her gaze is fixed on the observer. The woman appears alive to an unusual extent, which I''ve achieved by this method of not drawing outlines (sfumato). The soft blending creates an ambiguous mood mainly in two features: the corners of the mouth, and the corners of the eyes.', 801, 1770.23, 145700, '2020-03-17 17:52:17.07', 4),
(9, 'demo_67ef8361-0f72-49cf-92ae-891fc8ee52ab.jpg', 'th_demo_67ef8361-0f72-49cf-92ae-891fc8ee52ab.jpg', 'Couple', 'Lorem ipsum dolor sit amet, consectetur adipiscing elit, sed do eiusmod tempor incididunt ut labore et dolore magna aliqua. Ut enim ad minim veniam, quis nostrud exercitation ullamco laboris nisi ut aliquip ex ea commodo consequat. Duis aute irure dolor in reprehenderit in voluptate velit esse cillum dolore eu fugiat nulla pariatur. Excepteur sint occaecat cupidatat non proident, sunt in culpa qui officia deserunt mollit anim id est laborum.', 712, 250, 22700, '2019-11-08 15:41:01.03', 1),
(10, 'demo_fb95c3a5-5bd4-4901-a12b-300859901004.jpg', 'th_demo_fb95c3a5-5bd4-4901-a12b-300859901004.jpg', 'Girl with a Pearl Earring', 'The painting is a tronie, the Dutch description of a head that was not meant to be a portrait. It depicts a European girl wearing an exotic dress, an oriental turban, and  a very large pearl as an earring. The work is oil on canvas and is 44.5 cm high and 39 cm wide. The dark background is a deep enamel-like green. This effect is produced by applying a thin transparent layer of paint—a glaze—over the black background.', 99, 1600, 128600, '2019-10-12 09:31:05.00', 9),
(11, 'demo_21cc0692-a1c0-4e34-b780-4e73d551a31b.jpg', 'th_demo_21cc0692-a1c0-4e34-b780-4e73d551a31b.jpg', 'The Storm on the Sea of Galilee', 'The painting, in vertical format, shows a close-up view of Christ''s disciples struggling frantically against the heavy storm to regain control of their fishing boat. A huge wave beats the bow and rips the sail. One of the disciples is seen vomiting over the side. Another one, looking directly out at the viewer, is a self-portrait of the artist. Only Christ, depicted on the right, remains calm.', 206, 700, 65890, '2020-05-12 09:31:05.00', 2),
(12, 'demo_133b0b62-053b-4712-a9b6-8a774860e0da.jpg', 'th_demo_133b0b62-053b-4712-a9b6-8a774860e0da.jpg', 'The Conspiracy of Claudius Civilis', 'The painting follows Tacitus''s Histories in depicting an episode from the Batavian rebellion (69–70 AD), led by the one-eyed chieftain Claudius Civilis (actually called Gaius Julius Civilis by Tacitus), in which he collected at one of the sacred groves, ostensibly for a banquet, the chiefs of the nation and the boldest spirits of the lower class, convinced them to join his rebellion, and then bound the whole assembly with barbarous rites and strange forms of oath.', 216, 670, 63500, '2020-01-12 19:27:07.00', 2),
(13, 'demo_a529d11c-5aeb-4eec-9faa-e4bd31a3dc0b.jpg', 'th_demo_a529d11c-5aeb-4eec-9faa-e4bd31a3dc0b.jpg', 'The Garden of Earthly Delights', 'Many of the numerous human figures revel in an innocent, self-absorbed joy as they engage in a wide range of activities; some appear to enjoy sensory pleasures, others play unselfconsciously in the water, and yet others cavort in meadows with a variety of animals, seemingly at one with nature. In the middle of the background, a large blue globe resembling a fruit pod rises in the middle of a lake.', 1608, 999.99, 100500, '2020-02-12 09:31:05.00', 6);

INSERT INTO photo_owner (user_id, photo_id) VALUES
(1, 8);

INSERT INTO hashtag (id, name) VALUES
(1, 'people'),
(2, 'park'),
(3, 'nature'),
(4, 'female'),
(5, 'war'),
(6, 'night'),
(7, 'city'),
(8, 'sky'),
(9, 'horse'),
(10, 'river'),
(11, 'tree'),
(12, 'boat'),
(13, 'man'),
(14, 'village'),
(15, 'crop'),
(16, 'field'),
(17, 'colorful'),
(18, 'scream'),
(19, 'water'),
(20, 'coastline'),
(21, 'portrait'),
(22, 'mountains'),
(23, 'hug'),
(24, 'ship'),
(25, 'sea'),
(26, 'waves'),
(27, 'table'),
(28, 'dinner'),
(29, 'king'),
(30, 'sword'),
(31, 'drink');

INSERT INTO hashtag_photo (photo_id, hashtag_id) VALUES
(1, 1),
(1, 2),
(1, 3),
(1, 10),
(1, 11),
(1, 12),
(2, 3),
(2, 4),
(3, 1),
(3, 11),
(4, 6),
(4, 7),
(4, 8),
(4, 11),
(5, 9),
(5, 13),
(5, 14),
(5, 15),
(5, 16),
(6, 9),
(6, 17),
(7, 13),
(7, 18),
(7, 19),
(7, 20),
(8, 21),
(8, 22),
(8, 4),
(9, 4),
(9, 13),
(9, 23),
(10, 21),
(10, 4),
(11, 24),
(11, 19),
(11, 12),
(11, 25),
(11, 26),
(12, 27),
(12, 28),
(12, 29),
(12, 30),
(12, 31),
(13, 1),
(13, 3),
(13, 11),
(13, 19);
